"Path","Bytes","SHA256"
"download/affiliation_i-fest.doc","347136","1F02A36441066172E0578E0B7D2499B30A681EC6D96C1D13AF589B031C58CB3D"
"download/AiChallenge.pdf","69568","895BF761E10FE82E5C977BA363A3649CF8D3115D58392433BB65A0694F061A97"
"download/JuniorChallenge.pdf","389240","3773610F677C361D256888D93D5F9A7484CE175AA81F61C2D7892A3B47ECF0E2"
"download/LineFollowerChallenge.pdf","178408","65AC66E52E7252FC8E6078C47E827D1674CE2734D5B0507414CE6B85560E64F0"
"download/MazeChallenge.pdf","107438","542185AB61A9D1222C2C8BDCB651EF07F68CAE089016542886BA917ED957D169"
"download/NextLevelVEX.pdf","87361","0CFFC6FAB31775D6A4793C6B54B045FD950C8F6DC7818E834A359A895E54D60D"
"download/SumoChallenge.pdf","132883","AD728897025A6BAD9E57254339868807A539EEC9137A234162DF8A58F043692C"
"download/TerrainChallenge.pdf","73494","BA4081D3768A878D7C92FCD4FE8B617EE6224C12A17D0F455CBFF182DA79E89E"
"download/TurningPointVEX.pdf","62671","F420C2713EBEC4A342A838AC73AE773E37FD6A8BF35199FE0BAE4BDDB076C476"
"index.html","48821","2C282360A437E3C792D4FBF2B09CD22437B49B9A5435CDC695A2BB19589DFD09"
"robots.txt","24","E5C4B84484EE4216E9373BE99380320C25DD94805F99F0A805846F087636553F"
"src/css/jquery.datepick.css","4224","FF24FB095DB9D9ABAE4CA14C7C5AF24AA479EEEBA1DD5B7E89CE7B0D06140BED"
"src/css/lib/animate/animate.min.css","16953","07EAA245D5555D5C4AE8A58E322763953B5B7559B29255E99A2E7A55DFA66B87"
"src/css/lib/bootstrap/css/bootstrap.min.css","142041","CD5525BC887734465161AF57FEAA4D63C3F5681CB477816B23B6E17D94995707"
"src/css/lib/bootstrap/js/bootstrap.bundle.min.js","70966","E6249266EA92F60BBB67C338022758E4F5ADFBCAC60C4D57DD16A9B25F489343"
"src/css/lib/easing/easing.min.js","2302","0EC98ADF593EBCC01BEC60B1F494DACD47522ABFEF9038A714101D83F45E165D"
"src/css/lib/font-awesome/css/font-awesome.min.css","31000","799AEB25CC0373FDEE0E1B1DB7AD6C2F6A0E058DFADAA3379689F583213190BD"
"src/css/lib/font-awesome/fonts/fontawesome-webfont.eot","165742","7BFCAB6DB99D5CFBF1705CA0536DDC78585432CC5FA41BBD7AD0F009033B2979"
"src/css/lib/font-awesome/fonts/fontawesome-webfont.svg","444379","AD6157926C1622BA4E1D03D478F1541368524BFC46F51E42FE0D945F7EF323E4"
"src/css/lib/font-awesome/fonts/fontawesome-webfont.ttf","165548","AA58F33F239A0FB02F5C7A6C45C043D7A9AC9A093335806694ECD6D4EDC0D6A8"
"src/css/lib/font-awesome/fonts/fontawesome-webfont.woff","98024","BA0C59DEB5450F5CB41B3F93609EE2D0D995415877DDFA223E8A8A7533474F07"
"src/css/lib/font-awesome/fonts/fontawesome-webfont.woff2","77160","2ADEFCBC041E7D18FCF2D417879DC5A09997AA64D675B7A3C4B6CE33DA13F3FE"
"src/css/lib/jquery/jquery.min.js","86659","87083882CC6015984EB0411A99D3981817F5DC5C90BA24F0940420C5548D82DE"
"src/css/lib/jquery/jquery-migrate.min.js","7083","26494360E0DB8345FEF2C3E22A47055116F9CFB46F94D308684DD1036CFDEEFC"
"src/css/lib/owlcarousel/assets/owl.carousel.min.css","2936","016AB0BD0DE4839680E4A717A57DB9B182A8C2C5FDEEC4C24DB7A8DF761FCA4D"
"src/css/lib/owlcarousel/assets/owl.video.play.png","4976","0436045686FDDF10CCBBE2568E0CBFFB457E7DE7D43D1115C0056E81E97149FF"
"src/css/lib/owlcarousel/owl.carousel.min.js","42766","B394D33B2A7EC654A6B037EBFDA6618341B3F897A362BE624C923C2711B54A43"
"src/css/lib/superfish/hoverIntent.js","6920","7B3070FB9A342F6DD16891B9C6948B3327829243F4C525A3ACA14F5B73924D62"
"src/css/lib/superfish/superfish.min.js","4474","F31F14F173559D1BC035FFCEC66BDCD19B6685F42A2853BF7EAABD1E4BD9ABA0"
"src/css/lib/venobox/venobox.css","19936","B2864AE5EB460F8805877278E8ECDF944C1DC5E6966AEDE7C16F4780EF50E3D2"
"src/css/lib/venobox/venobox.min.js","11307","E58AA8F9C15CEE0EC9868266209CF7CF03D8660FC3A91A38CA46C402DB89D868"
"src/css/lib/wow/wow.min.js","8156","1041568A299093EF168FD78F8B54C27D1CF0CDFAE8E870DE0769BA1174C6BC05"
"src/css/style.css","36869","0EBC694E47466272FDD7C0AB55B90D7AFF62F480A43610B0F91FCF30C145A452"
"src/css/userprofile/black-dashboard.css","402635","D367EFF1A92820030D411DF5E1A5B02397B7F36B32D2A232329F42156B425D9C"
"src/css/userprofile/nucleo-icons.css","7761","A742ED059288CEC17EE3FF7289DEAE782512A7857419006F9A102E6A30C2DE37"
"src/fonts/nucleo.eot","26524","E5FDC0118D5360D28E7170E50044F62F77B595A31F7E74BC3CCD758F840BE464"
"src/fonts/nucleo.ttf","26364","A5CF5FB8DE301B603BFA3057D0BA6677F5297A784C68A73579E05B1B82B1B718"
"src/fonts/nucleo.woff","15168","52BBB216E05F25A9ACEC92D71743AC31C0574E3B66CE00B59FEC03EF338594AE"
"src/fonts/nucleo.woff2","12616","B717E038007013B2E2500582EE94D892AE80A17DEA95C760673A5C884402DAF6"
"src/img/about-bg.jpg","174120","8A290ED015956DC3A09EBED995231F86FB070F5A82F63A7CEF00FE458CA53406"
"src/img/atast_team_4.jpg","84911","7879A12D8CDEEEC75AF158D9B28CF36D09B59F67B10D7ADE232BFB2CAE545AB7"
"src/img/bg-1.jpg","148270","A3C6A24955339C54C7C1CA0CD81B4773ABFB7BD10D860C8A17E5547953BDA7B4"
"src/img/brisecc.png","12506","C66225EA51BC3E9F28B7E3375CC2A4493EA4A52EE3993EF25A4CEF24C924C80F"
"src/img/categories/1.jpg","65827","06E54192F87DF4E78B4241CCBBFCDEC792A102299409FEEA7A0188C38EC77E7B"
"src/img/categories/2.jpg","80255","4ABBCF3CCCCA44BE98890ADF33589940E0F53B2660DB3A9F8A40B5DF82732CB2"
"src/img/categories/3.jpg","76190","0A658EAB5333BA59145C9154744F7ED419CF7A57D37D9DC7CE8E6AA16F778B9A"
"src/img/categories/4.jpg","104772","1E0438262B436E4DCF9DCFE87DB2EBE8516E0AE139F66241F5132BE75678DE87"
"src/img/categories/5.jpg","107564","1297ED1DC23DD0285EF88536D5467DE3B7C7CE9E382C9C6A7DEDD95B4D811AF1"
"src/img/categories/6.jpg","132828","BD297742CC58094ABB80CA3410A71AFD3D58ECA76F36653D5E62B877272C63C8"
"src/img/categories/7.jpg","137564","629434815EE55F98C37DEF06FA11022770D8D65E8796174BF88D8B2C6AD39785"
"src/img/categories/8.jpg","23707","AC7786AD348D6A7C49ECE1A47FD27960FEF6E2E54E9141F22E2F64D52A57DCD2"
"src/img/desert/des-1.jpg","244473","CD3F7C5CE7822E645D50867C81018777F31EF6B89DEF7E337CE80A786870F390"
"src/img/desert/des-2.jpg","1557923","65B1F9094B2CB4ED4F216B40B29FCFBE7CB07D9E7B57EF6F704874C8891E598B"
"src/img/desert/des-3.jpg","534849","E3D7C74DDEABDB6A21C926CF7EE65CECB48F2BE837F7CC87B489808C64660142"
"src/img/desert/des-5.jpg","48930","A014115AADDF1D483A8F457E7A5D3B7AAE964B6508200A32014521F1DC4A99F0"
"src/img/gallery1/1.jpg","209802","BFB7251D403F918F3F0ADB78A68A6BDE6B1CA2102B0A962B161E1E9D946DF2B3"
"src/img/gallery1/2.jpg","676758","76EBB9037D9F173C6CF8E883DCA573CD72448CE53852928D66F76FE6EC824222"
"src/img/gallery1/3.jpg","591444","B568312EB6D2E87C2CA3E4C02414CEB504D53EA270DEF77E63F884E2A8B53AC6"
"src/img/gallery1/4.jpg","578990","0D0C283DEB3F46DD3957B8894DA680321F8A39220E129E7999008997F6A90858"
"src/img/gallery1/5.jpg","622930","13E9DBAA9EF88E3CD27903E754CF7DC4B1794B85AD3318C2D16DE714FCBCE7C8"
"src/img/gallery1/6.jpg","636633","7375B7114D6DEEF7D9EF61EBFE28B98BE504942FFBC3E512E4D4DF37510DF103"
"src/img/gallery1/7.jpg","162553","F784FCECECFF8A30A70FDBFD570AE6847309CF1B001F027004F757EEDC56F8DB"
"src/img/gallery1/8.jpg","567344","B52ECD199A2C171EF09E3FAC863A81C3B2C629C2755B4B6F11024201DBB8570A"
"src/img/gallery1/9.jpg","344991","A92EF559E78DC14808538BF0F52FFFD323EDFFA1B7D7F65598C7FCC2D5F6AAD6"
"src/img/hotel/hotel.jpg","426272","1EACA43E6276B0B6841CB4BBF16B2CBA6BDFA7DB8BEB10BC08A317E52C653879"
"src/img/hotel/rosa-1.jpg","650638","F9D9848FC1C1D7AEB642CB0A2D9078B13E5DD06F1AE7C5144DA2DD9B02073DBB"
"src/img/hotel/rosa-2.jpg","98975","6309F8AFCAF63B571FE14FA979F81B5A8EDE9EFB59FFC0A3E13B1B948DAD6F0B"
"src/img/hotel/rosa-3.jpg","325619","48C937C57432A5AFFAE4E6B7B951F1C60F3227664065DF450D24F8D19132DCEF"
"src/img/hotel/rosa-4.jpg","215296","597C52BB9E45872A816788510C5C8B278F6337B9D77C2E7CE3660873D4E02A6E"
"src/img/hotel/rosa-6.jpg","191439","22C08A74DCB38AEFCBC112E629366E485B68B8C7B6F3FCD4BFC3047C1C3100A7"
"src/img/hotel/rosa-7.jpg","5876026","0AD051399E3B66740E38D450F05552A25C1929938E9CA35BFF9512E92D7F376B"
"src/img/hotel/rosa-8.jpg","251389","8F7AB3D581398F7420EB576762D5156651B42342C50E548F64D3A3CFDE6CEBCE"
"src/img/IFEST.png","71988","8E0AC11272B4615184CA2CAC3B1D3BD1F951557793244CA66796E5E5E3D733BF"
"src/img/logo_atast.png","54119","C503044CBBC37CE8DD73B7AD404A5870342C5F8D9EC296E9C2B68D2C849A16E6"
"src/img/milset.png","118331","06BDCEAF87E5045592C3ED0CEE31398C47309DF633D716595088482CF9A31E19"
"src/img/stc_2019_2.jpg","91736","93EE4DC4B1CB1706B84D5651009308B76184AC88AB7375BB60134092B971A142"
"src/img/subscribe-bg.jpg","644608","1F29D669A47F20A952E81E4B2F0B0DE3709C9960FEFE746B30B46E95E4154C67"
"src/img/tunisia/tun_flag.jpg","1248766","4EA9C861D4D83C721FAAC9202237886B6BF334D3BA554DA1A517CA34B9621FB9"
"src/img/tunisia/tun-1.jpeg","2887029","21291A03DCB7CBEC569883B0FCE726B184F8C45336C19510C8C4317E1B333653"
"src/img/tunisia/tun-5.jpeg","211934","E1B490C9646DD8C056F58640FD60CD6C6B294E2568D74B49B153F9F062D1F507"
"src/img/tunisia/tun-6.jpeg","51059","9D747966BF1E7B3D02FD5DF3E0DFC8801428E1CAF6E393BB30BB7D9017466EB6"
"src/img/venue-info-bg.jpg","175768","B616D906644C6E1144DA8A43603B560FD6968693776EF8E258C604CA36B98860"
"src/js/animatedModal.js","5012","82BBDD308C3CAC968326FFCCCCF985908284689AD1F8A6590C2DB0A69D617787"
"src/js/jquery.datepick.js","99345","5D926E383E440A0FA2F969FF60DFBA0BC17A644D87461A9F760BAFCE743A1FBF"
"src/js/jquery.plugin.min.js","3392","7A1B16E8C29CEA9E23F70A2AC6E8C196FCF0D364DFA341057C861909DE98D9D8"
"src/js/jquery-3.5.1.js","287630","416A3B2C3BF16D64F6B5B6D0F7B079DF2267614DD6847FC2F3271B4409233C37"
"src/js/main.js","25846","E825591BCCB5565B5F3D76A827DC1597F97262BEBAD4D27E89D5936FB1975B76"
"src/js/userprofile/black-dashboard.min.js","4540","F3F71D27ABF512F2FE4FF7BB81B13A8A4CAE6CF122E1A3365917D592C8843608"
"src/js/userprofile/core/bootstrap.min.js","58031","7209E11A45CEF119E8D3539AFB2689835D17B16A0A22F8334D867CF77A220D2A"
"src/js/userprofile/core/popper.min.js","18994","3675F226F985B64EEA6AE8544D5496A32D19993AAE1AC4A3FA101263EF3206F7"
"src/js/userprofile/plugins/bootstrap-notify.js","15612","2CD468C96EF26FB1C6E629A7377DBB0883A53B0804BA04F1F512B88480BBF1BD"
"src/js/userprofile/plugins/chartjs.min.js","157844","0570DDBF7269DBD6060B77E43C61F01BA8170387E77A1DC5FD5815DDFA02D974"
"src/js/userprofile/plugins/perfect-scrollbar.jquery.min.js","18292","9D2ABF6A9C06F1CCA9E88E53097B19D3D1FDEB62468A71CCB6FBA049E6DAB1A0"
"unavailable-resources.txt","612","55CC168E5F14D4D785876B3EB3A0AB7DA26FF17F9447A6754C1A0282309D0CF6"
"user/login.html","12157","C000BA07F7F4F834E39078759ED7530555E10147A215E45DA34B7B60BD68C023"
